{
    "input_dim": 2,
    "feature_cols": [
        "TIME",
        "COUNTS"
    ],
    "feature_means": [
        1715083264.0,
        516.1762084960938
    ],
    "feature_stds": [
        24941.3125,
        614.123046875
    ],
    "window_size": 60,
    "best_val_loss": 0.2175453237305575,
    "metrics": {
        "TP": 1239,
        "FP": 21393813,
        "FN": 16029,
        "TN": 276772743,
        "TSS": 0.0,
        "Recall": 0.07175121612230716,
        "Precision": 5.791058605513088e-05
    }
}